ID,Name,Email
1,Administrator,admin@gmail.com
2,Admin User,w@gmail.com
3,Nguyen Van A,testuser4733@gmail.com
4,Nguyen Van A,testuser3929@gmail.com
5,Nguyen Van A,testuser9156@gmail.com
6,Nguyen Van A,testuser6424@gmail.com
7,Nguyen Van A,testuser7353@gmail.com
8,Nguyen Van A,testuser7697@gmail.com
9,Nguyen Van A,testuser4371@gmail.com
10,Nguyen Van A,testuser4608@gmail.com
11,Nguyen Van A,testuser5037@gmail.com
12,Nguyen Van A,testuser5044@gmail.com
13,Nguyen Van A,testuser2384@gmail.com
14,Nguyen Van A,testuser3296@gmail.com
15,Nguyen Van A,testuser1631@gmail.com
16,Nguyen Van A,testuser4267@gmail.com
17,Nguyen Van A,testuser9443@gmail.com
18,Nguyen Van A,testuser7894@gmail.com
19,Test User,testuser1289@example.com
20,Test User,testuser4611@example.com
21,Test User,testuser2821@example.com
22,Test User,testuser7824@example.com
23,Test User,testuser6963@example.com
24,Test User,testuser6104@example.com
25,Test User,testuser8205@example.com
26,Test User,testuser3892@example.com
27,Test User,testuser2324@example.com
28,Test User,testuser9439@example.com
29,Test User,testuser2298@example.com
30,Nguyen Van A,testuser3877@gmail.com
31,Test User,testuser7644@example.com
32,Test User,testuser7152@example.com
33,Nguyen Van A,testuser1889@gmail.com
34,Test User,testuser8819@example.com
35,Test User,testuser6770@example.com
36,Nguyen Van A,testuser6638@gmail.com
37,Nguyen Van A,testuser1204@gmail.com
38,Nguyen Van A,testuser6409@gmail.com
39,Nguyen Van A,testuser9625@gmail.com
40,Nguyen Van A,testuser4177@gmail.com
41,Test User,testuser9700@example.com
42,Test User,testuser4309@example.com
43,Test User,testuser7201@example.com
44,Test User,testuser3995@example.com
45,Test User,testuser3600@example.com
46,Test User,testuser9034@example.com
47,Test User,testuser1021@example.com
48,Test User,testuser8540@example.com
49,Updated User,testuser9545@example.com
50,Test User,testuser9153@example.com
51,Test User,testuser9237@example.com
52,Test User,testuser8902@example.com
53,Test User,testuser7635@example.com
54,Test User,testuser6892@example.com
55,Test User,testuser8917@example.com
56,Nguyễn Văn A,testuser2703@example.com
57,Test User,testuser4594@example.com
58,Test User,testuser4135@example.com
59,Test User,testuser8076@example.com
60,Test User,testuser7027@example.com
61,Test User,testuser6698@example.com
62,Test User,testuser7862@example.com
63,Test User,testuser5256@example.com
64,Test User,testuser9986@example.com
65,Test User,testuser4145@example.com
66,Test User,testuser3610@example.com
67,Test User,testuser7884@example.com
68,Test User,testuser7926@example.com
69,Updated User,testuser2495@example.com
70,Updated User,testuser8523@example.com
71,Updated User,testuser5820@example.com
72,Updated User,testuser5421@example.com
73,Updated User,testuser5624@example.com
74,Updated User,testuser3716@example.com
75,Test User,testuser2948@example.com
76,Test Admin,z@gmail.com
77,Test Admin,v@gmail.com
78,Updated User,testuser8500@example.com
79,Nguyen Van A,testuser2579@gmail.com
80,Nguyen Van A,testuser6390@gmail.com
81,Trần Anh Quân,quan123@gmail.com
82,Trần Anh Quân,quan1234@gmail.com
83,Trần Anh Quân,quan12345@gmail.com
84,Trần Anh Quân,quan123456@gmail.com
85,Trần Anh Quân,quan1234567@gmail.com
86,Test User,testuser8670@example.com
87,hg,hfh@gmail.com
